[{"id":"user-image-2-fdc36842.jpg","publicUrl":"np://user.desktop.nicepage.com/Site_23605816/images/2-fdc36842.jpg","size":115055,"hash":"CWrnktzUxQ/qP5nmQZUytKaCJ1E=","fileName":"2-fdc36842.jpg","name":"2-fdc36842","width":730,"height":1028,"thumbnail":{"url":"np://user.desktop.nicepage.com/Site_23605816/images/thumbnails/2-fdc36842.jpg","width":178,"height":250},"folderId":null,"usages":["293123057"]},{"id":"user-image-1-fdc36842.jpg","publicUrl":"np://user.desktop.nicepage.com/Site_23605816/images/1-fdc36842.jpg","size":103892,"hash":"uxyd0XcjHFE+nW1oWc34TH9KuUI=","fileName":"1-fdc36842.jpg","name":"1-fdc36842","width":730,"height":1018,"thumbnail":{"url":"np://user.desktop.nicepage.com/Site_23605816/images/thumbnails/1-fdc36842.jpg","width":179,"height":250},"folderId":null,"usages":["293123057"]},{"id":"user-image-11.jpg","publicUrl":"np://user.desktop.nicepage.com/Site_23605816/images/11.jpg","size":153926,"hash":"2PeqLXlPAenH+8o6KCl031rUdvI=","fileName":"11.jpg","name":"11","width":1536,"height":2048,"thumbnail":{"url":"np://user.desktop.nicepage.com/Site_23605816/images/thumbnails/11.jpg","width":188,"height":250},"folderId":null,"usages":["245317917"]},{"id":"user-image-10.jpg","publicUrl":"np://user.desktop.nicepage.com/Site_23605816/images/10.jpg","size":190840,"hash":"a7Gfr5/oLoDkHG+RgWcExVkMpBc=","fileName":"10.jpg","name":"10","width":1200,"height":1600,"thumbnail":{"url":"np://user.desktop.nicepage.com/Site_23605816/images/thumbnails/10.jpg","width":188,"height":250},"folderId":null,"usages":["245317917"]},{"id":"user-image-9.jpg","publicUrl":"np://user.desktop.nicepage.com/Site_23605816/images/9.jpg","size":111929,"hash":"WkAJDR6wIfwdTxbttqXp7WU0nqU=","fileName":"9.jpg","name":"9","width":1166,"height":2048,"thumbnail":{"url":"np://user.desktop.nicepage.com/Site_23605816/images/thumbnails/9.jpg","width":142,"height":250},"folderId":null,"usages":["245317917"]},{"id":"user-image-4.jpg","publicUrl":"np://user.desktop.nicepage.com/Site_23605816/images/4.jpg","size":492808,"hash":"BAgLwM0LNnKmIDfBTz4xvXT5kEc=","fileName":"4.jpg","name":"4","width":1152,"height":2048,"thumbnail":{"url":"np://user.desktop.nicepage.com/Site_23605816/images/thumbnails/4.jpg","width":141,"height":250},"folderId":null,"usages":["245317917"]},{"id":"user-image-5.jpg","publicUrl":"np://user.desktop.nicepage.com/Site_23605816/images/5.jpg","size":274400,"hash":"fnmKx5PNHYSDDoTMCXzSpL7LwDw=","fileName":"5.jpg","name":"5","width":1200,"height":1600,"thumbnail":{"url":"np://user.desktop.nicepage.com/Site_23605816/images/thumbnails/5.jpg","width":188,"height":250},"folderId":null,"usages":["245317917"]},{"id":"user-image-7.jpg","publicUrl":"np://user.desktop.nicepage.com/Site_23605816/images/7.jpg","size":233661,"hash":"e7TPZxb06TyUm+KuPx8sQ1RiL/8=","fileName":"7.jpg","name":"7","width":1152,"height":2048,"thumbnail":{"url":"np://user.desktop.nicepage.com/Site_23605816/images/thumbnails/7.jpg","width":141,"height":250},"folderId":null,"usages":["245317917"]},{"id":"user-image-8.jpg","publicUrl":"np://user.desktop.nicepage.com/Site_23605816/images/8.jpg","size":136398,"hash":"C8Gxv4OlhcnYVI+f1rohwgC6xS4=","fileName":"8.jpg","name":"8","width":1152,"height":2048,"thumbnail":{"url":"np://user.desktop.nicepage.com/Site_23605816/images/thumbnails/8.jpg","width":141,"height":250},"folderId":null,"usages":["245317917"]},{"id":"user-image-6.jpg","publicUrl":"np://user.desktop.nicepage.com/Site_23605816/images/6.jpg","size":244231,"hash":"nUmOQS+aVoIFBlGQpQhkRMXCY/4=","fileName":"6.jpg","name":"6","width":2048,"height":1536,"thumbnail":{"url":"np://user.desktop.nicepage.com/Site_23605816/images/thumbnails/6.jpg","width":250,"height":188},"folderId":null,"usages":["245317917"]},{"id":"user-image-1.jpg","publicUrl":"np://user.desktop.nicepage.com/Site_23605816/images/1.jpg","size":187116,"hash":"lRTGeuVbeRtaHnzoaNi52wFp63g=","fileName":"1.jpg","name":"1","width":1080,"height":2400,"thumbnail":{"url":"np://user.desktop.nicepage.com/Site_23605816/images/thumbnails/1.jpg","width":113,"height":250},"folderId":null,"usages":["245317917"]},{"id":"user-image-3.jpg","publicUrl":"np://user.desktop.nicepage.com/Site_23605816/images/3.jpg","size":113286,"hash":"nzIF1Ky2P6fZ2ffwtejtHjL098c=","fileName":"3.jpg","name":"3","width":1080,"height":2400,"thumbnail":{"url":"np://user.desktop.nicepage.com/Site_23605816/images/thumbnails/3.jpg","width":113,"height":250},"folderId":null,"usages":["245317917"]},{"id":"user-image-429122113_275604995561473_1686343321052001148_n.jpg","publicUrl":"np://user.desktop.nicepage.com/Site_23605816/images/429122113_275604995561473_1686343321052001148_n.jpg","size":110662,"hash":"YXMhx40I/s/mm6slG4KuDAS9f9E=","fileName":"429122113_275604995561473_1686343321052001148_n.jpg","name":"429122113_275604995561473_1686343321052001148_n","width":902,"height":1600,"thumbnail":{"url":"np://user.desktop.nicepage.com/Site_23605816/images/thumbnails/429122113_275604995561473_1686343321052001148_n.jpg","width":141,"height":250},"folderId":null,"usages":["245317917"]},{"id":"user-image-429754003_1102659451085342_8824433717432862271_n.jpg","publicUrl":"np://user.desktop.nicepage.com/Site_23605816/images/429754003_1102659451085342_8824433717432862271_n.jpg","size":138089,"hash":"YUfvJ+1CsBNcK4/hnNL07RnWaRo=","fileName":"429754003_1102659451085342_8824433717432862271_n.jpg","name":"429754003_1102659451085342_8824433717432862271_n","width":904,"height":1600,"thumbnail":{"url":"np://user.desktop.nicepage.com/Site_23605816/images/thumbnails/429754003_1102659451085342_8824433717432862271_n.jpg","width":141,"height":250},"folderId":null,"usages":["245317917"]},{"id":"user-image-429088450_415268024225787_9164702956864398564_n.jpg","publicUrl":"np://user.desktop.nicepage.com/Site_23605816/images/429088450_415268024225787_9164702956864398564_n.jpg","size":107151,"hash":"4f0/GORWHgR69q4fhcu9rMWnXX0=","fileName":"429088450_415268024225787_9164702956864398564_n.jpg","name":"429088450_415268024225787_9164702956864398564_n","width":900,"height":1600,"thumbnail":{"url":"np://user.desktop.nicepage.com/Site_23605816/images/thumbnails/429088450_415268024225787_9164702956864398564_n.jpg","width":141,"height":250},"folderId":null,"usages":["245317917"]},{"id":"user-image-AdyDreamCafeLogov.gif","publicUrl":"np://user.desktop.nicepage.com/Site_23605816/images/AdyDreamCafeLogov.gif","size":530493,"hash":"+UMsGMyPS70PVgiTC++mLe4HD8k=","fileName":"AdyDreamCafeLogov.gif","name":"AdyDreamCafeLogov","width":1400,"height":1400,"thumbnail":{"url":"np://user.desktop.nicepage.com/Site_23605816/images/thumbnails/AdyDreamCafeLogov.gif","width":250,"height":250},"folderId":null,"usages":[]},{"id":"user-image-photo-1573883844855-f364441ac463.jpeg","publicUrl":"np://user.desktop.nicepage.com/Site_23605816/images/photo-1573883844855-f364441ac463.jpeg","size":233639,"hash":"oJSYXsKFnjzCMAKsIuikjV7JgHg=","fileName":"photo-1573883844855-f364441ac463.jpeg","name":"photo-1573883844855-f364441ac463","width":1080,"height":720,"thumbnail":{"url":"np://user.desktop.nicepage.com/Site_23605816/images/thumbnails/photo-1573883844855-f364441ac463.jpeg","width":250,"height":167},"folderId":null,"originalUrl":"https://images.unsplash.com/photo-1573883844855-f364441ac463?crop=entropy&cs=tinysrgb&fit=max&fm=jpg&ixid=M3w1NzgzNjl8MHwxfGNvbGxlY3Rpb258Mnw0Nzk0MDg2fHx8fHwyfHwxNzQ0NjYxNzQ3fA&ixlib=rb-4.0.3&q=80&w=1080","usages":["245317917"]},{"id":"user-image-favicon.jpg","publicUrl":"np://user.desktop.nicepage.com/Site_23605816/images/favicon.jpg","size":26034,"hash":"YeASo9aSFTUDGTDWPFifRaBf+m4=","fileName":"favicon.jpg","name":"favicon","width":612,"height":612,"thumbnail":{"url":"np://user.desktop.nicepage.com/Site_23605816/images/thumbnails/favicon.jpg","width":250,"height":250},"folderId":null,"usages":[]}]