[{"id":473913383,"title":"Blog Template","order":1,"templateKey":"blog","customTemplate":false,"customTemplateFilename":null,"pageLinks":[],"dateCreated":"2025-04-14T20:11:49.048Z","dateUpdated":"2025-04-14T20:11:50.193Z","folderId":null,"pageName":"Blog Template","serverPageId":null,"sectionCount":1,"status":2,"backwardUrl":null},{"id":207952669,"title":"Post Template","order":2,"templateKey":"post","customTemplate":false,"customTemplateFilename":null,"pageLinks":[],"dateCreated":"2025-04-14T20:11:49.168Z","dateUpdated":"2025-04-14T20:11:50.193Z","folderId":null,"pageName":"Post Template","serverPageId":null,"sectionCount":1,"status":2,"backwardUrl":null},{"id":196677797,"title":"Product List Template","order":3,"templateKey":"products","customTemplate":false,"customTemplateFilename":null,"pageLinks":[],"dateCreated":"2025-04-14T20:11:49.285Z","dateUpdated":"2025-04-14T20:11:50.194Z","folderId":null,"pageName":"Product List Template","serverPageId":null,"sectionCount":1,"status":2,"backwardUrl":null},{"id":303790362,"title":"Product Details Template","order":4,"templateKey":"product","customTemplate":false,"customTemplateFilename":null,"pageLinks":[],"dateCreated":"2025-04-14T20:11:49.400Z","dateUpdated":"2025-04-14T20:11:50.194Z","folderId":null,"pageName":"Product Details Template","serverPageId":null,"sectionCount":1,"status":2,"backwardUrl":null},{"id":99376109,"title":"Shopping Cart Template","order":5,"templateKey":"cart","customTemplate":false,"customTemplateFilename":null,"pageLinks":[],"dateCreated":"2025-04-14T20:11:49.497Z","dateUpdated":"2025-04-14T20:11:50.194Z","folderId":null,"pageName":"Shopping Cart Template","serverPageId":null,"sectionCount":1,"status":2,"backwardUrl":null},{"id":180245935,"title":"Checkout Template","order":6,"templateKey":"checkout","customTemplate":false,"customTemplateFilename":null,"pageLinks":[],"dateCreated":"2025-04-14T20:11:49.625Z","dateUpdated":"2025-04-14T20:11:50.194Z","folderId":null,"pageName":"Checkout Template","serverPageId":null,"sectionCount":1,"status":2,"backwardUrl":null},{"id":14882199,"title":"Login Template","order":7,"templateKey":"login","customTemplate":false,"customTemplateFilename":null,"pageLinks":[],"dateCreated":"2025-04-14T20:11:49.700Z","dateUpdated":"2025-04-14T20:11:50.194Z","folderId":null,"pageName":"Login Template","serverPageId":null,"sectionCount":1,"status":2,"backwardUrl":null},{"id":702901978,"title":"Search Page Template","order":8,"templateKey":"Search","customTemplate":false,"customTemplateFilename":null,"pageLinks":[],"dateCreated":"2025-04-14T20:11:49.754Z","dateUpdated":"2025-04-14T20:11:50.194Z","folderId":null,"pageName":"Search Page Template","serverPageId":null,"sectionCount":1,"status":2,"backwardUrl":null},{"id":956016845,"title":"Page Password Template","order":9,"templateKey":"password","customTemplate":false,"customTemplateFilename":null,"pageLinks":[],"dateCreated":"2025-04-14T20:11:49.821Z","dateUpdated":"2025-04-14T20:11:50.194Z","folderId":null,"pageName":"Page Password Template","serverPageId":null,"sectionCount":1,"status":2,"backwardUrl":null},{"id":2064909965,"title":"404 Not Found Template","order":10,"templateKey":"404","customTemplate":false,"customTemplateFilename":null,"pageLinks":[],"dateCreated":"2025-04-14T20:11:49.873Z","dateUpdated":"2025-04-14T20:11:50.194Z","folderId":null,"pageName":"404 Not Found Template","serverPageId":null,"sectionCount":1,"status":2,"backwardUrl":null},{"id":333212733,"title":"Thank You Page Template","order":11,"templateKey":"ThankYou","customTemplate":false,"customTemplateFilename":null,"pageLinks":[],"dateCreated":"2025-04-14T20:11:49.919Z","dateUpdated":"2025-04-14T20:11:50.195Z","folderId":null,"pageName":"Thank You Page Template","serverPageId":null,"sectionCount":1,"status":2,"backwardUrl":null},{"id":796009425,"title":"About","order":100,"templateKey":null,"customTemplate":false,"customTemplateFilename":null,"pageLinks":[],"dateCreated":"2025-04-14T20:11:49.957Z","dateUpdated":"2025-04-15T20:15:59.200Z","folderId":null,"pageName":"About_796009425","serverPageId":null,"sectionCount":1,"status":2,"backwardUrl":null},{"id":373122901,"title":"Contact","order":101,"templateKey":null,"customTemplate":false,"customTemplateFilename":null,"pageLinks":[],"dateCreated":"2025-04-14T20:11:49.983Z","dateUpdated":"2025-04-15T20:26:01.441Z","folderId":null,"pageName":"Contact_373122901","serverPageId":null,"sectionCount":1,"status":2,"backwardUrl":null},{"id":293123057,"title":"Menu","order":102,"templateKey":null,"customTemplate":false,"customTemplateFilename":null,"pageLinks":[],"dateCreated":"2025-04-14T20:12:16.196Z","dateUpdated":"2025-04-15T20:26:55.616Z","folderId":null,"pageName":"Menu_293123057","serverPageId":null,"sectionCount":1,"status":2,"backwardUrl":null},{"id":245317917,"title":"Home","order":103,"templateKey":null,"customTemplate":false,"customTemplateFilename":null,"pageLinks":["245317917","293123057"],"dateCreated":"2025-04-14T20:16:28.458Z","dateUpdated":"2025-04-16T16:46:48.999Z","folderId":null,"pageName":"Home_245317917","serverPageId":null,"sectionCount":4,"status":2,"backwardUrl":null}]